"database_name","schema_name","table_name","object_type","categories","matched_columns","approximate_rows","modify_date"
"HnnDW","dbo","Dim_POSList","TABLE","Сети и клиенты; ТТ, маршруты и визиты","ADDRESS; CLIENT; ClientName; CUSTOMER_GROUP; ROUTE_NAME","639348","15.04.2026 16:16:35"
"HnnDW","dbo","DIM_Survey","TABLE","ТТ, маршруты и визиты","VisitRelated","81","15.04.2026 16:16:36"
"HnnDW","dbo","Fact_Facing","VIEW","KPI; ТТ, маршруты и визиты","PICOS; ROUTE_TYPE; VISIT_DATE; VISIT_ID; VISIT_IS_PLANED; VISIT_LINK; VISIT_STATUS","0","31.08.2026 23:00:22"
"HnnDW","dbo","Fact_Facing_202211","TABLE","KPI; ТТ, маршруты и визиты","PICOS; ROUTE_TYPE; VISIT_DATE; VISIT_ID; VISIT_IS_PLANED; VISIT_LINK; VISIT_STATUS","2744","15.04.2026 16:16:36"
"HnnDW","dbo","Fact_Facing_202212","TABLE","KPI; ТТ, маршруты и визиты","PICOS; ROUTE_TYPE; VISIT_DATE; VISIT_ID; VISIT_IS_PLANED; VISIT_LINK; VISIT_STATUS","461233","15.04.2026 16:16:36"
"HnnDW","dbo","Fact_Facing_202301","TABLE","KPI; ТТ, маршруты и визиты","PICOS; ROUTE_TYPE; VISIT_DATE; VISIT_ID; VISIT_IS_PLANED; VISIT_LINK; VISIT_STATUS","1327697","15.04.2026 16:16:36"
"HnnDW","dbo","Fact_Facing_202302","TABLE","KPI; ТТ, маршруты и визиты","PICOS; ROUTE_TYPE; VISIT_DATE; VISIT_ID; VISIT_IS_PLANED; VISIT_LINK; VISIT_STATUS","13010777","15.04.2026 16:16:36"
"HnnDW","dbo","Fact_Facing_202303","TABLE","KPI; ТТ, маршруты и визиты","PICOS; ROUTE_TYPE; VISIT_DATE; VISIT_ID; VISIT_IS_PLANED; VISIT_LINK; VISIT_STATUS","35922129","15.04.2026 16:16:36"
"HnnDW","dbo","Fact_Facing_202304","TABLE","KPI; ТТ, маршруты и визиты","PICOS; ROUTE_TYPE; VISIT_DATE; VISIT_ID; VISIT_IS_PLANED; VISIT_LINK; VISIT_STATUS","53196295","15.04.2026 16:16:36"
"HnnDW","dbo","Fact_Facing_202305","TABLE","KPI; ТТ, маршруты и визиты","PICOS; ROUTE_TYPE; VISIT_DATE; VISIT_ID; VISIT_IS_PLANED; VISIT_LINK; VISIT_STATUS","59596226","15.04.2026 16:16:36"
"HnnDW","dbo","Fact_Facing_202306","TABLE","KPI; ТТ, маршруты и визиты","PICOS; ROUTE_TYPE; VISIT_DATE; VISIT_ID; VISIT_IS_PLANED; VISIT_LINK; VISIT_STATUS","51985390","15.04.2026 16:16:36"
"HnnDW","dbo","Fact_Facing_202307","TABLE","KPI; ТТ, маршруты и визиты","PICOS; ROUTE_TYPE; VISIT_DATE; VISIT_ID; VISIT_IS_PLANED; VISIT_LINK; VISIT_STATUS","65806335","15.04.2026 16:16:36"
"HnnDW","dbo","Fact_Facing_202308","TABLE","KPI; ТТ, маршруты и визиты","PICOS; ROUTE_TYPE; VISIT_DATE; VISIT_ID; VISIT_IS_PLANED; VISIT_LINK; VISIT_STATUS","97005171","15.04.2026 16:16:36"
"HnnDW","dbo","Fact_Facing_202309","TABLE","KPI; ТТ, маршруты и визиты","PICOS; ROUTE_TYPE; VISIT_DATE; VISIT_ID; VISIT_IS_PLANED; VISIT_LINK; VISIT_STATUS","88055935","15.04.2026 16:16:36"
"HnnDW","dbo","Fact_Facing_202310","TABLE","KPI; ТТ, маршруты и визиты","PICOS; ROUTE_TYPE; VISIT_DATE; VISIT_ID; VISIT_IS_PLANED; VISIT_LINK; VISIT_STATUS","85080936","15.04.2026 16:16:36"
"HnnDW","dbo","Fact_Facing_202311","TABLE","KPI; ТТ, маршруты и визиты","PICOS; ROUTE_TYPE; VISIT_DATE; VISIT_ID; VISIT_IS_PLANED; VISIT_LINK; VISIT_STATUS","87007548","15.04.2026 16:16:36"
"HnnDW","dbo","Fact_Facing_202312","TABLE","KPI; ТТ, маршруты и визиты","PICOS; ROUTE_TYPE; VISIT_DATE; VISIT_ID; VISIT_IS_PLANED; VISIT_LINK; VISIT_STATUS","84551831","15.04.2026 16:16:36"
"HnnDW","dbo","Fact_Facing_202401","TABLE","KPI; ТТ, маршруты и визиты","PICOS; ROUTE_TYPE; VISIT_DATE; VISIT_ID; VISIT_IS_PLANED; VISIT_LINK; VISIT_STATUS","66622086","15.04.2026 16:16:36"
"HnnDW","dbo","Fact_Facing_202402","TABLE","KPI; ТТ, маршруты и визиты","PICOS; ROUTE_TYPE; VISIT_DATE; VISIT_ID; VISIT_IS_PLANED; VISIT_LINK; VISIT_STATUS","56505174","15.04.2026 16:16:36"
"HnnDW","dbo","Fact_Facing_202403","TABLE","KPI; ТТ, маршруты и визиты","PICOS; ROUTE_TYPE; VISIT_DATE; VISIT_ID; VISIT_IS_PLANED; VISIT_LINK; VISIT_STATUS","51261615","15.04.2026 16:16:36"
"HnnDW","dbo","Fact_Facing_202404","TABLE","KPI; ТТ, маршруты и визиты","PICOS; ROUTE_TYPE; VISIT_DATE; VISIT_ID; VISIT_IS_PLANED; VISIT_LINK; VISIT_STATUS","48987739","15.04.2026 16:16:36"
"HnnDW","dbo","Fact_Facing_202405","TABLE","KPI; ТТ, маршруты и визиты","PICOS; ROUTE_TYPE; VISIT_DATE; VISIT_ID; VISIT_IS_PLANED; VISIT_LINK; VISIT_STATUS","77411373","15.04.2026 16:16:36"
"HnnDW","dbo","Fact_Facing_202406","TABLE","KPI; ТТ, маршруты и визиты","PICOS; ROUTE_TYPE; VISIT_DATE; VISIT_ID; VISIT_IS_PLANED; VISIT_LINK; VISIT_STATUS","73999585","15.04.2026 16:16:36"
"HnnDW","dbo","Fact_Facing_202407","TABLE","KPI; ТТ, маршруты и визиты","PICOS; ROUTE_TYPE; VISIT_DATE; VISIT_ID; VISIT_IS_PLANED; VISIT_LINK; VISIT_STATUS","83356120","15.04.2026 16:16:36"
"HnnDW","dbo","Fact_Facing_202408","TABLE","KPI; ТТ, маршруты и визиты","PICOS; ROUTE_TYPE; VISIT_DATE; VISIT_ID; VISIT_IS_PLANED; VISIT_LINK; VISIT_STATUS","80937680","15.04.2026 16:16:36"
"HnnDW","dbo","Fact_Facing_202409","TABLE","KPI; ТТ, маршруты и визиты","PICOS; ROUTE_TYPE; VISIT_DATE; VISIT_ID; VISIT_IS_PLANED; VISIT_LINK; VISIT_STATUS","72790610","15.04.2026 16:16:36"
"HnnDW","dbo","Fact_Facing_202410","TABLE","KPI; ТТ, маршруты и визиты","PICOS; ROUTE_TYPE; VISIT_DATE; VISIT_ID; VISIT_IS_PLANED; VISIT_LINK; VISIT_STATUS","90756354","15.04.2026 16:16:36"
"HnnDW","dbo","Fact_Facing_202411","TABLE","KPI; ТТ, маршруты и визиты","PICOS; ROUTE_TYPE; VISIT_DATE; VISIT_ID; VISIT_IS_PLANED; VISIT_LINK; VISIT_STATUS","89880464","15.04.2026 16:16:36"
"HnnDW","dbo","Fact_Facing_202412","TABLE","KPI; ТТ, маршруты и визиты","PICOS; ROUTE_TYPE; VISIT_DATE; VISIT_ID; VISIT_IS_PLANED; VISIT_LINK; VISIT_STATUS","93622489","15.04.2026 16:16:36"
"HnnDW","dbo","Fact_Facing_202501","TABLE","KPI; ТТ, маршруты и визиты","PICOS; ROUTE_TYPE; VISIT_DATE; VISIT_ID; VISIT_IS_PLANED; VISIT_LINK; VISIT_STATUS","75756305","15.04.2026 16:16:36"
"HnnDW","dbo","Fact_Facing_202502","TABLE","KPI; ТТ, маршруты и визиты","PICOS; ROUTE_TYPE; VISIT_DATE; VISIT_ID; VISIT_IS_PLANED; VISIT_LINK; VISIT_STATUS","78471328","15.04.2026 16:16:36"
"HnnDW","dbo","Fact_Facing_202503","TABLE","KPI; ТТ, маршруты и визиты","PICOS; ROUTE_TYPE; VISIT_DATE; VISIT_ID; VISIT_IS_PLANED; VISIT_LINK; VISIT_STATUS","86431381","15.04.2026 16:16:36"
"HnnDW","dbo","Fact_Facing_202504","TABLE","KPI; ТТ, маршруты и визиты","PICOS; ROUTE_TYPE; VISIT_DATE; VISIT_ID; VISIT_IS_PLANED; VISIT_LINK; VISIT_STATUS","89552070","15.04.2026 16:16:36"
"HnnDW","dbo","Fact_Facing_202505","TABLE","KPI; ТТ, маршруты и визиты","PICOS; ROUTE_TYPE; VISIT_DATE; VISIT_ID; VISIT_IS_PLANED; VISIT_LINK; VISIT_STATUS","76773967","15.04.2026 16:16:36"
"HnnDW","dbo","Fact_Facing_202506","TABLE","KPI; ТТ, маршруты и визиты","PICOS; ROUTE_TYPE; VISIT_DATE; VISIT_ID; VISIT_IS_PLANED; VISIT_LINK; VISIT_STATUS","72262615","15.04.2026 16:16:36"
"HnnDW","dbo","Fact_Facing_202507","TABLE","KPI; ТТ, маршруты и визиты","PICOS; ROUTE_TYPE; VISIT_DATE; VISIT_ID; VISIT_IS_PLANED; VISIT_LINK; VISIT_STATUS","59630146","15.04.2026 16:16:36"
"HnnDW","dbo","Fact_Facing_202508","TABLE","KPI; ТТ, маршруты и визиты","PICOS; ROUTE_TYPE; VISIT_DATE; VISIT_ID; VISIT_IS_PLANED; VISIT_LINK; VISIT_STATUS","55377070","15.04.2026 16:16:36"
"HnnDW","dbo","Fact_Facing_202509","TABLE","KPI; ТТ, маршруты и визиты","PICOS; ROUTE_TYPE; VISIT_DATE; VISIT_ID; VISIT_IS_PLANED; VISIT_LINK; VISIT_STATUS","57378068","15.04.2026 16:16:36"
"HnnDW","dbo","Fact_Facing_202510","TABLE","KPI; ТТ, маршруты и визиты","PICOS; ROUTE_TYPE; VISIT_DATE; VISIT_ID; VISIT_IS_PLANED; VISIT_LINK; VISIT_STATUS","61852603","15.04.2026 16:16:36"
"HnnDW","dbo","Fact_Facing_202511","TABLE","KPI; ТТ, маршруты и визиты","PICOS; ROUTE_TYPE; VISIT_DATE; VISIT_ID; VISIT_IS_PLANED; VISIT_LINK; VISIT_STATUS","52229284","15.04.2026 16:16:36"
"HnnDW","dbo","Fact_Facing_202512","TABLE","KPI; ТТ, маршруты и визиты","PICOS; ROUTE_TYPE; VISIT_DATE; VISIT_ID; VISIT_IS_PLANED; VISIT_LINK; VISIT_STATUS","59670503","15.04.2026 16:16:36"
"HnnDW","dbo","Fact_Facing_202601","TABLE","KPI; ТТ, маршруты и визиты","PICOS; ROUTE_TYPE; VISIT_DATE; VISIT_ID; VISIT_IS_PLANED; VISIT_LINK; VISIT_STATUS","43953762","15.04.2026 16:16:36"
"HnnDW","dbo","Fact_Facing_202602","TABLE","KPI; ТТ, маршруты и визиты","PICOS; ROUTE_TYPE; VISIT_DATE; VISIT_ID; VISIT_IS_PLANED; VISIT_LINK; VISIT_STATUS","55295434","15.04.2026 16:16:36"
"HnnDW","dbo","Fact_Facing_202603","TABLE","KPI; ТТ, маршруты и визиты","PICOS; ROUTE_TYPE; VISIT_DATE; VISIT_ID; VISIT_IS_PLANED; VISIT_LINK; VISIT_STATUS","59825136","15.04.2026 16:16:36"
"HnnDW","dbo","Fact_Facing_202604","TABLE","KPI; ТТ, маршруты и визиты","PICOS; ROUTE_TYPE; VISIT_DATE; VISIT_ID; VISIT_IS_PLANED; VISIT_LINK; VISIT_STATUS","63500195","15.04.2026 16:16:36"
"HnnDW","dbo","Fact_Facing_202605","TABLE","KPI; ТТ, маршруты и визиты","PICOS; ROUTE_TYPE; VISIT_DATE; VISIT_ID; VISIT_IS_PLANED; VISIT_LINK; VISIT_STATUS","59569106","01.05.2026 23:07:03"
"HnnDW","dbo","Fact_Facing_202606","TABLE","KPI; ТТ, маршруты и визиты","PICOS; ROUTE_TYPE; VISIT_DATE; VISIT_ID; VISIT_IS_PLANED; VISIT_LINK; VISIT_STATUS","62139734","01.06.2026 22:40:20"
"HnnDW","dbo","Fact_Facing_202607","TABLE","KPI; ТТ, маршруты и визиты","PICOS; ROUTE_TYPE; VISIT_DATE; VISIT_ID; VISIT_IS_PLANED; VISIT_LINK; VISIT_STATUS","65785382","01.07.2026 22:37:50"
"HnnDW","dbo","Fact_Facing_202608","TABLE","KPI; ТТ, маршруты и визиты","PICOS; ROUTE_TYPE; VISIT_DATE; VISIT_ID; VISIT_IS_PLANED; VISIT_LINK; VISIT_STATUS","61732583","02.08.2026 4:13:15"
"HnnDW","dbo","Fact_OOS_202211","TABLE","ТТ, маршруты и визиты","VISIT_DATE","0","15.04.2026 16:16:36"
"HnnDW","dbo","Fact_OOS_202212","TABLE","ТТ, маршруты и визиты","VISIT_DATE","1065","15.04.2026 16:16:36"
"HnnDW","dbo","Fact_OOS_202301","TABLE","ТТ, маршруты и визиты","VISIT_DATE","14298","15.04.2026 16:16:36"
"HnnDW","dbo","Fact_OOS_202302","TABLE","ТТ, маршруты и визиты","VISIT_DATE","242539","15.04.2026 16:16:36"
"HnnDW","dbo","Fact_OOS_202303","TABLE","ТТ, маршруты и визиты","VISIT_DATE","148472","15.04.2026 16:16:36"
"HnnDW","dbo","Fact_OOS_202304","TABLE","ТТ, маршруты и визиты","VISIT_DATE","89605","15.04.2026 16:16:36"
"HnnDW","dbo","Fact_OOS_202305","TABLE","ТТ, маршруты и визиты","VISIT_DATE","105480","15.04.2026 16:16:36"
"HnnDW","dbo","Fact_OOS_202306","TABLE","ТТ, маршруты и визиты","VISIT_DATE","108262","15.04.2026 16:16:36"
"HnnDW","dbo","Fact_OOS_202307","TABLE","ТТ, маршруты и визиты","VISIT_DATE","107581","15.04.2026 16:16:36"
"HnnDW","dbo","Fact_OOS_202308","TABLE","ТТ, маршруты и визиты","VISIT_DATE","331443","15.04.2026 16:16:36"
"HnnDW","dbo","Fact_OOS_202309","TABLE","ТТ, маршруты и визиты","VISIT_DATE","332259","15.04.2026 16:16:36"
"HnnDW","dbo","Fact_OOS_202310","TABLE","ТТ, маршруты и визиты","VISIT_DATE","316627","15.04.2026 16:16:36"
"HnnDW","dbo","Fact_OOS_202311","TABLE","ТТ, маршруты и визиты","VISIT_DATE","380575","15.04.2026 16:16:36"
"HnnDW","dbo","Fact_OOS_202312","TABLE","ТТ, маршруты и визиты","VISIT_DATE","423973","15.04.2026 16:16:36"
"HnnDW","dbo","Fact_OOS_202401","TABLE","ТТ, маршруты и визиты","VISIT_DATE","643814","15.04.2026 16:16:36"
"HnnDW","dbo","Fact_OOS_202402","TABLE","ТТ, маршруты и визиты","VISIT_DATE","710594","15.04.2026 16:16:36"
"HnnDW","dbo","Fact_OOS_202403","TABLE","ТТ, маршруты и визиты","VISIT_DATE","879378","15.04.2026 16:16:36"
"HnnDW","dbo","Fact_OOS_202404","TABLE","ТТ, маршруты и визиты","VISIT_DATE","1099904","15.04.2026 16:16:36"
"HnnDW","dbo","Fact_OOS_202405","TABLE","ТТ, маршруты и визиты","VISIT_DATE","1253061","15.04.2026 16:16:36"
"HnnDW","dbo","Fact_OOS_202406","TABLE","ТТ, маршруты и визиты","VISIT_DATE","1053747","15.04.2026 16:16:36"
"HnnDW","dbo","Fact_OOS_202407","TABLE","ТТ, маршруты и визиты","VISIT_DATE","1624792","15.04.2026 16:16:36"
"HnnDW","dbo","Fact_OOS_202408","TABLE","ТТ, маршруты и визиты","VISIT_DATE","1652538","15.04.2026 16:16:36"
"HnnDW","dbo","Fact_OOS_202409","TABLE","ТТ, маршруты и визиты","VISIT_DATE","1593072","15.04.2026 16:16:36"
"HnnDW","dbo","Fact_OOS_202410","TABLE","ТТ, маршруты и визиты","VISIT_DATE","1513053","15.04.2026 16:16:36"
"HnnDW","dbo","Fact_OOS_202411","TABLE","ТТ, маршруты и визиты","VISIT_DATE","1254365","15.04.2026 16:16:36"
"HnnDW","dbo","Fact_OOS_202412","TABLE","ТТ, маршруты и визиты","VISIT_DATE","1233218","15.04.2026 16:16:36"
"HnnDW","dbo","Fact_OOS_202501","TABLE","ТТ, маршруты и визиты","VISIT_DATE","1117263","15.04.2026 16:16:36"
"HnnDW","dbo","Fact_OOS_202502","TABLE","ТТ, маршруты и визиты","VISIT_DATE","1111664","15.04.2026 16:16:36"
"HnnDW","dbo","Fact_OOS_202503","TABLE","ТТ, маршруты и визиты","VISIT_DATE","22280174","15.04.2026 16:16:36"
"HnnDW","dbo","Fact_OOS_202504","TABLE","ТТ, маршруты и визиты","VISIT_DATE","1078856","15.04.2026 16:16:36"
"HnnDW","dbo","Fact_OOS_202505","TABLE","ТТ, маршруты и визиты","VISIT_DATE","876270","15.04.2026 16:16:36"
"HnnDW","dbo","Fact_OOS_202506","TABLE","ТТ, маршруты и визиты","VISIT_DATE","1272698","15.04.2026 16:16:36"
"HnnDW","dbo","Fact_OOS_202507","TABLE","ТТ, маршруты и визиты","VISIT_DATE","868006","15.04.2026 16:16:36"
"HnnDW","dbo","Fact_OOS_202508","TABLE","ТТ, маршруты и визиты","VISIT_DATE","664380","15.04.2026 16:16:36"
"HnnDW","dbo","Fact_OOS_202509","TABLE","ТТ, маршруты и визиты","VISIT_DATE","623193","15.04.2026 16:16:36"
"HnnDW","dbo","Fact_OOS_202510","TABLE","ТТ, маршруты и визиты","VISIT_DATE","711934","15.04.2026 16:16:36"
"HnnDW","dbo","Fact_OOS_202511","TABLE","ТТ, маршруты и визиты","VISIT_DATE","575769","15.04.2026 16:16:36"
"HnnDW","dbo","Fact_OOS_202512","TABLE","ТТ, маршруты и визиты","VISIT_DATE","676676","15.04.2026 16:16:36"
"HnnDW","dbo","Fact_OOS_202601","TABLE","ТТ, маршруты и визиты","VISIT_DATE","590480","15.04.2026 16:16:36"
"HnnDW","dbo","Fact_OOS_202602","TABLE","ТТ, маршруты и визиты","VISIT_DATE","851176","15.04.2026 16:16:36"
"HnnDW","dbo","Fact_OOS_202603","TABLE","ТТ, маршруты и визиты","VISIT_DATE","943724","18.04.2026 22:11:58"
"HnnDW","dbo","Fact_OOS_202604","TABLE","ТТ, маршруты и визиты","VISIT_DATE","910950","16.05.2026 22:28:51"
"HnnDW","dbo","Fact_OOS_202605","TABLE","ТТ, маршруты и визиты","VISIT_DATE","800256","04.06.2026 22:08:50"
"HnnDW","dbo","Fact_OOS_202606","TABLE","ТТ, маршруты и визиты","VISIT_DATE","749831","18.07.2026 22:12:09"
"HnnDW","dbo","Fact_OOS_202607","TABLE","ТТ, маршруты и визиты","VISIT_DATE","812761","15.08.2026 22:20:21"
"HnnDW","dbo","Fact_OOS_202608","TABLE","ТТ, маршруты и визиты","VISIT_DATE","709748","31.08.2026 22:08:31"
"HnnDW","dbo","Fact_OSA","VIEW","KPI; ТТ, маршруты и визиты","AGENCY_NAME; BRAND_TYPE_CD; IN_MATRIX; IN_STOCK; INNO; MATRIX_ID; MATRIX_NAME; MUST; PHOTO_AUDIT_COUNTER; PHOTO_AUDIT_ID; PICOS; PRODUCT_NATURE; PRODUCT_NATURE_CD; PROMO; ROUTE_TYPE; SCENE_TYPE_ID; SHIP_TO; VISIT_DATE; VISIT_ID; VISIT_IS_PLANED; VISIT_STATUS","0","31.08.2026 23:12:15"
"HnnDW","dbo","Fact_OSA_202211","TABLE","KPI; ТТ, маршруты и визиты","AGENCY_NAME; fid; iid; IN_MATRIX; IN_STOCK; INNO; MATRIX_ID; MATRIX_NAME; MUST; PHOTO_AUDIT_COUNTER; PHOTO_AUDIT_ID; PICOS; PROMO; ROUTE_TYPE; SCENE_TYPE_ID; VISIT_DATE; VISIT_ID; VISIT_IS_PLANED; VISIT_STATUS","0","15.04.2026 16:16:35"
"HnnDW","dbo","Fact_OSA_202212","TABLE","KPI; ТТ, маршруты и визиты","AGENCY_NAME; fid; iid; IN_MATRIX; IN_STOCK; INNO; MATRIX_ID; MATRIX_NAME; MUST; PHOTO_AUDIT_COUNTER; PHOTO_AUDIT_ID; PICOS; PROMO; ROUTE_TYPE; SCENE_TYPE_ID; VISIT_DATE; VISIT_ID; VISIT_IS_PLANED; VISIT_STATUS","38749","15.04.2026 16:16:35"
"HnnDW","dbo","Fact_OSA_202301","TABLE","KPI; ТТ, маршруты и визиты","AGENCY_NAME; fid; iid; IN_MATRIX; IN_STOCK; INNO; MATRIX_ID; MATRIX_NAME; MUST; PHOTO_AUDIT_COUNTER; PHOTO_AUDIT_ID; PICOS; PROMO; ROUTE_TYPE; SCENE_TYPE_ID; VISIT_DATE; VISIT_ID; VISIT_IS_PLANED; VISIT_STATUS","307265","15.04.2026 16:16:35"
"HnnDW","dbo","Fact_OSA_202302","TABLE","KPI; ТТ, маршруты и визиты","AGENCY_NAME; fid; iid; IN_MATRIX; IN_STOCK; INNO; MATRIX_ID; MATRIX_NAME; MUST; PHOTO_AUDIT_COUNTER; PHOTO_AUDIT_ID; PICOS; PROMO; ROUTE_TYPE; SCENE_TYPE_ID; VISIT_DATE; VISIT_ID; VISIT_IS_PLANED; VISIT_STATUS","4763888","15.04.2026 16:16:35"
"HnnDW","dbo","Fact_OSA_202303","TABLE","KPI; ТТ, маршруты и визиты","AGENCY_NAME; fid; iid; IN_MATRIX; IN_STOCK; INNO; MATRIX_ID; MATRIX_NAME; MUST; PHOTO_AUDIT_COUNTER; PHOTO_AUDIT_ID; PICOS; PROMO; ROUTE_TYPE; SCENE_TYPE_ID; VISIT_DATE; VISIT_ID; VISIT_IS_PLANED; VISIT_STATUS","16194492","15.04.2026 16:16:35"
"HnnDW","dbo","Fact_OSA_202304","TABLE","KPI; ТТ, маршруты и визиты","AGENCY_NAME; fid; iid; IN_MATRIX; IN_STOCK; INNO; MATRIX_ID; MATRIX_NAME; MUST; PHOTO_AUDIT_COUNTER; PHOTO_AUDIT_ID; PICOS; PROMO; ROUTE_TYPE; SCENE_TYPE_ID; VISIT_DATE; VISIT_ID; VISIT_IS_PLANED; VISIT_STATUS","26271435","15.04.2026 16:16:35"
"HnnDW","dbo","Fact_OSA_202305","TABLE","KPI; ТТ, маршруты и визиты","AGENCY_NAME; fid; iid; IN_MATRIX; IN_STOCK; INNO; MATRIX_ID; MATRIX_NAME; MUST; PHOTO_AUDIT_COUNTER; PHOTO_AUDIT_ID; PICOS; PROMO; ROUTE_TYPE; SCENE_TYPE_ID; VISIT_DATE; VISIT_ID; VISIT_IS_PLANED; VISIT_STATUS","32550243","15.04.2026 16:16:35"
"HnnDW","dbo","Fact_OSA_202306","TABLE","KPI; ТТ, маршруты и визиты","AGENCY_NAME; fid; iid; IN_MATRIX; IN_STOCK; INNO; MATRIX_ID; MATRIX_NAME; MUST; PHOTO_AUDIT_COUNTER; PHOTO_AUDIT_ID; PICOS; PROMO; ROUTE_TYPE; SCENE_TYPE_ID; VISIT_DATE; VISIT_ID; VISIT_IS_PLANED; VISIT_STATUS","35538041","15.04.2026 16:16:35"
"HnnDW","dbo","Fact_OSA_202307","TABLE","KPI; ТТ, маршруты и визиты","AGENCY_NAME; fid; iid; IN_MATRIX; IN_STOCK; INNO; MATRIX_ID; MATRIX_NAME; MUST; PHOTO_AUDIT_COUNTER; PHOTO_AUDIT_ID; PICOS; PROMO; ROUTE_TYPE; SCENE_TYPE_ID; VISIT_DATE; VISIT_ID; VISIT_IS_PLANED; VISIT_STATUS","46256671","15.04.2026 16:16:35"
"HnnDW","dbo","Fact_OSA_202308","TABLE","KPI; ТТ, маршруты и визиты","AGENCY_NAME; fid; iid; IN_MATRIX; IN_STOCK; INNO; MATRIX_ID; MATRIX_NAME; MUST; PHOTO_AUDIT_COUNTER; PHOTO_AUDIT_ID; PICOS; PROMO; ROUTE_TYPE; SCENE_TYPE_ID; VISIT_DATE; VISIT_ID; VISIT_IS_PLANED; VISIT_STATUS","63072500","15.04.2026 16:16:35"
"HnnDW","dbo","Fact_OSA_202309","TABLE","KPI; ТТ, маршруты и визиты","AGENCY_NAME; fid; iid; IN_MATRIX; IN_STOCK; INNO; MATRIX_ID; MATRIX_NAME; MUST; PHOTO_AUDIT_COUNTER; PHOTO_AUDIT_ID; PICOS; PROMO; ROUTE_TYPE; SCENE_TYPE_ID; VISIT_DATE; VISIT_ID; VISIT_IS_PLANED; VISIT_STATUS","57012584","15.04.2026 16:16:35"
"HnnDW","dbo","Fact_OSA_202310","TABLE","KPI; ТТ, маршруты и визиты","AGENCY_NAME; fid; iid; IN_MATRIX; IN_STOCK; INNO; MATRIX_ID; MATRIX_NAME; MUST; PHOTO_AUDIT_COUNTER; PHOTO_AUDIT_ID; PICOS; PROMO; ROUTE_TYPE; SCENE_TYPE_ID; VISIT_DATE; VISIT_ID; VISIT_IS_PLANED; VISIT_STATUS","54823832","15.04.2026 16:16:35"
"HnnDW","dbo","Fact_OSA_202311","TABLE","KPI; ТТ, маршруты и визиты","AGENCY_NAME; fid; iid; IN_MATRIX; IN_STOCK; INNO; MATRIX_ID; MATRIX_NAME; MUST; PHOTO_AUDIT_COUNTER; PHOTO_AUDIT_ID; PICOS; PROMO; ROUTE_TYPE; SCENE_TYPE_ID; VISIT_DATE; VISIT_ID; VISIT_IS_PLANED; VISIT_STATUS","51270361","15.04.2026 16:16:35"
"HnnDW","dbo","Fact_OSA_202312","TABLE","KPI; ТТ, маршруты и визиты","AGENCY_NAME; fid; iid; IN_MATRIX; IN_STOCK; INNO; MATRIX_ID; MATRIX_NAME; MUST; PHOTO_AUDIT_COUNTER; PHOTO_AUDIT_ID; PICOS; PROMO; ROUTE_TYPE; SCENE_TYPE_ID; VISIT_DATE; VISIT_ID; VISIT_IS_PLANED; VISIT_STATUS","47990134","15.04.2026 16:16:35"
"HnnDW","dbo","Fact_OSA_202401","TABLE","KPI; ТТ, маршруты и визиты","AGENCY_NAME; fid; iid; IN_MATRIX; IN_STOCK; INNO; MATRIX_ID; MATRIX_NAME; MUST; PHOTO_AUDIT_COUNTER; PHOTO_AUDIT_ID; PICOS; PROMO; ROUTE_TYPE; SCENE_TYPE_ID; VISIT_DATE; VISIT_ID; VISIT_IS_PLANED; VISIT_STATUS","38320265","15.04.2026 16:16:35"
"HnnDW","dbo","Fact_OSA_202402","TABLE","KPI; ТТ, маршруты и визиты","AGENCY_NAME; fid; iid; IN_MATRIX; IN_STOCK; INNO; MATRIX_ID; MATRIX_NAME; MUST; PHOTO_AUDIT_COUNTER; PHOTO_AUDIT_ID; PICOS; PROMO; ROUTE_TYPE; SCENE_TYPE_ID; VISIT_DATE; VISIT_ID; VISIT_IS_PLANED; VISIT_STATUS","33290386","15.04.2026 16:16:35"
"HnnDW","dbo","Fact_OSA_202403","TABLE","KPI; ТТ, маршруты и визиты","AGENCY_NAME; fid; iid; IN_MATRIX; IN_STOCK; INNO; MATRIX_ID; MATRIX_NAME; MUST; PHOTO_AUDIT_COUNTER; PHOTO_AUDIT_ID; PICOS; PROMO; ROUTE_TYPE; SCENE_TYPE_ID; VISIT_DATE; VISIT_ID; VISIT_IS_PLANED; VISIT_STATUS","30074338","15.04.2026 16:16:35"
"HnnDW","dbo","Fact_OSA_202404","TABLE","KPI; ТТ, маршруты и визиты","AGENCY_NAME; fid; iid; IN_MATRIX; IN_STOCK; INNO; MATRIX_ID; MATRIX_NAME; MUST; PHOTO_AUDIT_COUNTER; PHOTO_AUDIT_ID; PICOS; PROMO; ROUTE_TYPE; SCENE_TYPE_ID; VISIT_DATE; VISIT_ID; VISIT_IS_PLANED; VISIT_STATUS","28208288","15.04.2026 16:16:35"
"HnnDW","dbo","Fact_OSA_202405","TABLE","KPI; ТТ, маршруты и визиты","AGENCY_NAME; fid; iid; IN_MATRIX; IN_STOCK; INNO; MATRIX_ID; MATRIX_NAME; MUST; PHOTO_AUDIT_COUNTER; PHOTO_AUDIT_ID; PICOS; PROMO; ROUTE_TYPE; SCENE_TYPE_ID; VISIT_DATE; VISIT_ID; VISIT_IS_PLANED; VISIT_STATUS","45173311","15.04.2026 16:16:35"
"HnnDW","dbo","Fact_OSA_202406","TABLE","KPI; ТТ, маршруты и визиты","AGENCY_NAME; fid; iid; IN_MATRIX; IN_STOCK; INNO; MATRIX_ID; MATRIX_NAME; MUST; PHOTO_AUDIT_COUNTER; PHOTO_AUDIT_ID; PICOS; PROMO; ROUTE_TYPE; SCENE_TYPE_ID; VISIT_DATE; VISIT_ID; VISIT_IS_PLANED; VISIT_STATUS","42805586","15.04.2026 16:16:35"
"HnnDW","dbo","Fact_OSA_202407","TABLE","KPI; ТТ, маршруты и визиты","AGENCY_NAME; fid; iid; IN_MATRIX; IN_STOCK; INNO; MATRIX_ID; MATRIX_NAME; MUST; PHOTO_AUDIT_COUNTER; PHOTO_AUDIT_ID; PICOS; PROMO; ROUTE_TYPE; SCENE_TYPE_ID; VISIT_DATE; VISIT_ID; VISIT_IS_PLANED; VISIT_STATUS","49671153","15.04.2026 16:16:35"
"HnnDW","dbo","Fact_OSA_202408","TABLE","KPI; ТТ, маршруты и визиты","AGENCY_NAME; fid; iid; IN_MATRIX; IN_STOCK; INNO; MATRIX_ID; MATRIX_NAME; MUST; PHOTO_AUDIT_COUNTER; PHOTO_AUDIT_ID; PICOS; PROMO; ROUTE_TYPE; SCENE_TYPE_ID; VISIT_DATE; VISIT_ID; VISIT_IS_PLANED; VISIT_STATUS","49103325","15.04.2026 16:16:35"
"HnnDW","dbo","Fact_OSA_202409","TABLE","KPI; ТТ, маршруты и визиты","AGENCY_NAME; fid; iid; IN_MATRIX; IN_STOCK; INNO; MATRIX_ID; MATRIX_NAME; MUST; PHOTO_AUDIT_COUNTER; PHOTO_AUDIT_ID; PICOS; PROMO; ROUTE_TYPE; SCENE_TYPE_ID; VISIT_DATE; VISIT_ID; VISIT_IS_PLANED; VISIT_STATUS","44155532","15.04.2026 16:16:35"
"HnnDW","dbo","Fact_OSA_202410","TABLE","KPI; ТТ, маршруты и визиты","AGENCY_NAME; fid; iid; IN_MATRIX; IN_STOCK; INNO; MATRIX_ID; MATRIX_NAME; MUST; PHOTO_AUDIT_COUNTER; PHOTO_AUDIT_ID; PICOS; PROMO; ROUTE_TYPE; SCENE_TYPE_ID; VISIT_DATE; VISIT_ID; VISIT_IS_PLANED; VISIT_STATUS","48556898","15.04.2026 16:16:35"
"HnnDW","dbo","Fact_OSA_202411","TABLE","KPI; ТТ, маршруты и визиты","AGENCY_NAME; fid; iid; IN_MATRIX; IN_STOCK; INNO; MATRIX_ID; MATRIX_NAME; MUST; PHOTO_AUDIT_COUNTER; PHOTO_AUDIT_ID; PICOS; PROMO; ROUTE_TYPE; SCENE_TYPE_ID; VISIT_DATE; VISIT_ID; VISIT_IS_PLANED; VISIT_STATUS","43125199","15.04.2026 16:16:35"
"HnnDW","dbo","Fact_OSA_202412","TABLE","KPI; ТТ, маршруты и визиты","AGENCY_NAME; fid; iid; IN_MATRIX; IN_STOCK; INNO; MATRIX_ID; MATRIX_NAME; MUST; PHOTO_AUDIT_COUNTER; PHOTO_AUDIT_ID; PICOS; PROMO; ROUTE_TYPE; SCENE_TYPE_ID; VISIT_DATE; VISIT_ID; VISIT_IS_PLANED; VISIT_STATUS","44187374","15.04.2026 16:16:35"
"HnnDW","dbo","Fact_OSA_202501","TABLE","KPI; ТТ, маршруты и визиты","AGENCY_NAME; fid; iid; IN_MATRIX; IN_STOCK; INNO; MATRIX_ID; MATRIX_NAME; MUST; PHOTO_AUDIT_COUNTER; PHOTO_AUDIT_ID; PICOS; PROMO; ROUTE_TYPE; SCENE_TYPE_ID; VISIT_DATE; VISIT_ID; VISIT_IS_PLANED; VISIT_STATUS","36459468","15.04.2026 16:16:35"
"HnnDW","dbo","Fact_OSA_202502","TABLE","KPI; ТТ, маршруты и визиты","AGENCY_NAME; fid; iid; IN_MATRIX; IN_STOCK; INNO; MATRIX_ID; MATRIX_NAME; MUST; PHOTO_AUDIT_COUNTER; PHOTO_AUDIT_ID; PICOS; PROMO; ROUTE_TYPE; SCENE_TYPE_ID; VISIT_DATE; VISIT_ID; VISIT_IS_PLANED; VISIT_STATUS","41017257","15.04.2026 16:16:35"
"HnnDW","dbo","Fact_OSA_202503","TABLE","KPI; ТТ, маршруты и визиты","AGENCY_NAME; fid; iid; IN_MATRIX; IN_STOCK; INNO; MATRIX_ID; MATRIX_NAME; MUST; PHOTO_AUDIT_COUNTER; PHOTO_AUDIT_ID; PICOS; PROMO; ROUTE_TYPE; SCENE_TYPE_ID; VISIT_DATE; VISIT_ID; VISIT_IS_PLANED; VISIT_STATUS","42442553","15.04.2026 16:16:35"
"HnnDW","dbo","Fact_OSA_202504","TABLE","KPI; ТТ, маршруты и визиты","AGENCY_NAME; fid; iid; IN_MATRIX; IN_STOCK; INNO; MATRIX_ID; MATRIX_NAME; MUST; PHOTO_AUDIT_COUNTER; PHOTO_AUDIT_ID; PICOS; PROMO; ROUTE_TYPE; SCENE_TYPE_ID; VISIT_DATE; VISIT_ID; VISIT_IS_PLANED; VISIT_STATUS","42361477","15.04.2026 16:16:35"
"HnnDW","dbo","Fact_OSA_202505","TABLE","KPI; ТТ, маршруты и визиты","AGENCY_NAME; fid; iid; IN_MATRIX; IN_STOCK; INNO; MATRIX_ID; MATRIX_NAME; MUST; PHOTO_AUDIT_COUNTER; PHOTO_AUDIT_ID; PICOS; PROMO; ROUTE_TYPE; SCENE_TYPE_ID; VISIT_DATE; VISIT_ID; VISIT_IS_PLANED; VISIT_STATUS","36057459","15.04.2026 16:16:35"
"HnnDW","dbo","Fact_OSA_202506","TABLE","KPI; ТТ, маршруты и визиты","AGENCY_NAME; fid; iid; IN_MATRIX; IN_STOCK; INNO; MATRIX_ID; MATRIX_NAME; MUST; PHOTO_AUDIT_COUNTER; PHOTO_AUDIT_ID; PICOS; PROMO; ROUTE_TYPE; SCENE_TYPE_ID; VISIT_DATE; VISIT_ID; VISIT_IS_PLANED; VISIT_STATUS","34287590","15.04.2026 16:16:35"
"HnnDW","dbo","Fact_OSA_202507","TABLE","KPI; ТТ, маршруты и визиты","AGENCY_NAME; fid; iid; IN_MATRIX; IN_STOCK; INNO; MATRIX_ID; MATRIX_NAME; MUST; PHOTO_AUDIT_COUNTER; PHOTO_AUDIT_ID; PICOS; PROMO; ROUTE_TYPE; SCENE_TYPE_ID; VISIT_DATE; VISIT_ID; VISIT_IS_PLANED; VISIT_STATUS","28854621","15.04.2026 16:16:35"
"HnnDW","dbo","Fact_OSA_202508","TABLE","KPI; ТТ, маршруты и визиты","AGENCY_NAME; fid; iid; IN_MATRIX; IN_STOCK; INNO; MATRIX_ID; MATRIX_NAME; MUST; PHOTO_AUDIT_COUNTER; PHOTO_AUDIT_ID; PICOS; PROMO; ROUTE_TYPE; SCENE_TYPE_ID; VISIT_DATE; VISIT_ID; VISIT_IS_PLANED; VISIT_STATUS","26418557","15.04.2026 16:16:35"
"HnnDW","dbo","Fact_OSA_202509","TABLE","KPI; ТТ, маршруты и визиты","AGENCY_NAME; fid; iid; IN_MATRIX; IN_STOCK; INNO; MATRIX_ID; MATRIX_NAME; MUST; PHOTO_AUDIT_COUNTER; PHOTO_AUDIT_ID; PICOS; PROMO; ROUTE_TYPE; SCENE_TYPE_ID; VISIT_DATE; VISIT_ID; VISIT_IS_PLANED; VISIT_STATUS","27066064","15.04.2026 16:16:35"
"HnnDW","dbo","Fact_OSA_202510","TABLE","KPI; ТТ, маршруты и визиты","AGENCY_NAME; fid; iid; IN_MATRIX; IN_STOCK; INNO; MATRIX_ID; MATRIX_NAME; MUST; PHOTO_AUDIT_COUNTER; PHOTO_AUDIT_ID; PICOS; PROMO; ROUTE_TYPE; SCENE_TYPE_ID; VISIT_DATE; VISIT_ID; VISIT_IS_PLANED; VISIT_STATUS","28737754","15.04.2026 16:16:35"
"HnnDW","dbo","Fact_OSA_202511","TABLE","KPI; ТТ, маршруты и визиты","AGENCY_NAME; fid; iid; IN_MATRIX; IN_STOCK; INNO; MATRIX_ID; MATRIX_NAME; MUST; PHOTO_AUDIT_COUNTER; PHOTO_AUDIT_ID; PICOS; PROMO; ROUTE_TYPE; SCENE_TYPE_ID; VISIT_DATE; VISIT_ID; VISIT_IS_PLANED; VISIT_STATUS","24250998","15.04.2026 16:16:35"
"HnnDW","dbo","Fact_OSA_202512","TABLE","KPI; ТТ, маршруты и визиты","AGENCY_NAME; fid; iid; IN_MATRIX; IN_STOCK; INNO; MATRIX_ID; MATRIX_NAME; MUST; PHOTO_AUDIT_COUNTER; PHOTO_AUDIT_ID; PICOS; PROMO; ROUTE_TYPE; SCENE_TYPE_ID; VISIT_DATE; VISIT_ID; VISIT_IS_PLANED; VISIT_STATUS","27939193","15.04.2026 16:16:35"
"HnnDW","dbo","Fact_OSA_202601","TABLE","KPI; ТТ, маршруты и визиты","AGENCY_NAME; fid; iid; IN_MATRIX; IN_STOCK; INNO; MATRIX_ID; MATRIX_NAME; MUST; PHOTO_AUDIT_COUNTER; PHOTO_AUDIT_ID; PICOS; PROMO; ROUTE_TYPE; SCENE_TYPE_ID; VISIT_DATE; VISIT_ID; VISIT_IS_PLANED; VISIT_STATUS","21046911","15.04.2026 16:16:35"
"HnnDW","dbo","Fact_OSA_202602","TABLE","KPI; ТТ, маршруты и визиты","AGENCY_NAME; fid; iid; IN_MATRIX; IN_STOCK; INNO; MATRIX_ID; MATRIX_NAME; MUST; PHOTO_AUDIT_COUNTER; PHOTO_AUDIT_ID; PICOS; PROMO; ROUTE_TYPE; SCENE_TYPE_ID; VISIT_DATE; VISIT_ID; VISIT_IS_PLANED; VISIT_STATUS","26512718","15.04.2026 16:16:35"
"HnnDW","dbo","Fact_OSA_202603","TABLE","KPI; ТТ, маршруты и визиты","AGENCY_NAME; fid; iid; IN_MATRIX; IN_STOCK; INNO; MATRIX_ID; MATRIX_NAME; MUST; PHOTO_AUDIT_COUNTER; PHOTO_AUDIT_ID; PICOS; PROMO; ROUTE_TYPE; SCENE_TYPE_ID; VISIT_DATE; VISIT_ID; VISIT_IS_PLANED; VISIT_STATUS","28792510","15.04.2026 16:16:35"
"HnnDW","dbo","Fact_OSA_202604","TABLE","KPI; ТТ, маршруты и визиты","AGENCY_NAME; fid; iid; IN_MATRIX; IN_STOCK; INNO; MATRIX_ID; MATRIX_NAME; MUST; PHOTO_AUDIT_COUNTER; PHOTO_AUDIT_ID; PICOS; PROMO; ROUTE_TYPE; SCENE_TYPE_ID; VISIT_DATE; VISIT_ID; VISIT_IS_PLANED; VISIT_STATUS","29924750","15.04.2026 16:16:35"
"HnnDW","dbo","Fact_OSA_202605","TABLE","KPI; ТТ, маршруты и визиты","AGENCY_NAME; fid; iid; IN_MATRIX; IN_STOCK; INNO; MATRIX_ID; MATRIX_NAME; MUST; PHOTO_AUDIT_COUNTER; PHOTO_AUDIT_ID; PICOS; PROMO; ROUTE_TYPE; SCENE_TYPE_ID; VISIT_DATE; VISIT_ID; VISIT_IS_PLANED; VISIT_STATUS","27018746","01.05.2026 23:20:38"
"HnnDW","dbo","Fact_OSA_202606","TABLE","KPI; ТТ, маршруты и визиты","AGENCY_NAME; fid; iid; IN_MATRIX; IN_STOCK; INNO; MATRIX_ID; MATRIX_NAME; MUST; PHOTO_AUDIT_COUNTER; PHOTO_AUDIT_ID; PICOS; PROMO; ROUTE_TYPE; SCENE_TYPE_ID; VISIT_DATE; VISIT_ID; VISIT_IS_PLANED; VISIT_STATUS","28340420","01.06.2026 22:55:48"
"HnnDW","dbo","Fact_OSA_202607","TABLE","KPI; ТТ, маршруты и визиты","AGENCY_NAME; fid; iid; IN_MATRIX; IN_STOCK; INNO; MATRIX_ID; MATRIX_NAME; MUST; PHOTO_AUDIT_COUNTER; PHOTO_AUDIT_ID; PICOS; PROMO; ROUTE_TYPE; SCENE_TYPE_ID; VISIT_DATE; VISIT_ID; VISIT_IS_PLANED; VISIT_STATUS","30371400","01.07.2026 22:53:49"
"HnnDW","dbo","Fact_OSA_202608","TABLE","KPI; ТТ, маршруты и визиты","AGENCY_NAME; fid; iid; IN_MATRIX; IN_STOCK; INNO; MATRIX_ID; MATRIX_NAME; MUST; PHOTO_AUDIT_COUNTER; PHOTO_AUDIT_ID; PICOS; PROMO; ROUTE_TYPE; SCENE_TYPE_ID; VISIT_DATE; VISIT_ID; VISIT_IS_PLANED; VISIT_STATUS","28454073","01.08.2026 1:03:35"
"HnnDW","dbo","FACT_PICOS","TABLE","KPI; Сотрудники и руководители; ТТ, маршруты и визиты","AGENCY_NAME; PHOTO_AUDIT_COUNTER; PHOTO_AUDIT_ID; PICOS_ASSORTMENT; PICOS_ELEMENT; PICOS_FORMAT; PICOS_POTENTIAL_SCORE; PICOS_SCORE_FACT; PICOS_TARGET_SCORE; PICOS_TERRITORY; ROUTE_TYPE; SCENE_TYPE; SCENE_TYPE_ID; SHIP_TO; VISIT_DATE; VISIT_ID; VISIT_IS_PLANED; VISIT_LINK; VISIT_STATUS","227221960","15.04.2026 16:16:35"
"HnnDW","dbo","FACT_PLANOGRAMM","TABLE","ТТ, маршруты и визиты","ROUTE_TYPE; VISIT_DATE; VISIT_ID; VISIT_IS_PLANED; VISIT_LINK; VISIT_STATUS","18802294","15.04.2026 16:16:35"
"HnnDW","dbo","FACT_PosmFaces","TABLE","ТТ, маршруты и визиты","VISIT_DATE","4657730","15.04.2026 16:16:35"
"HnnDW","dbo","Fact_Posms","TABLE","ТТ, маршруты и визиты","ROUTE_TYPE; VISIT_DATE; VISIT_ID; VISIT_IS_PLANED; VISIT_LINK; VISIT_STATUS","754486","15.04.2026 16:16:35"
"HnnDW","dbo","Fact_PromoItems","TABLE","ТТ, маршруты и визиты","STORE_END; STORE_START","255540","24.07.2024 20:12:12"
"HnnDW","dbo","Fact_Routes","TABLE","ТТ, маршруты и визиты","AGENCY_NAME; AGG_VISIT_ID; Duration; PlanAuditCountPerVisit; PlanDocCountPerAudit; PlanFotoCountPerAudit; RouteDate; SHIP_TO; SortID; TerrExID; TerrName; TerrRole","10399612","15.04.2026 16:16:35"
"HnnDW","dbo","FACT_Territory_History","TABLE","Сотрудники и руководители; ТТ, маршруты и визиты","EndDate; Masterfid; RouteName; StartDate","222813","09.02.2023 15:05:53"
"HnnDW","dbo","Fact_Visit_Fotos","TABLE","KPI; ТТ, маршруты и визиты","AGENCY_NAME; FEEDBACK; FEEDBACK_MAX; Masterfid; PHOTO_AUDIT_COUNTER; PHOTO_AUDIT_ID; PHOTO_QUANTITY_FACT; PHOTO_QUANTITY_MAX; PHOTO_QUANTITY_TARGET; SCENE_TYPE; SCENE_TYPE_ID; SHIP_TO; VISIT_DATE","7273461","23.04.2026 17:13:27"
"HnnDW","dbo","Fact_Visits","TABLE","ТТ, маршруты и визиты","AGENCY_NAME; AGG_VISIT_ID; ATTEMPT_AMOUNT; isInvalid; LATITUDE_CHECKIN; LONGITUDE_CHECKIN; Masterfid; PHOTO_AUDIT_COUNTER; PHOTO_AUDIT_END_TIME; PHOTO_AUDIT_ID; PHOTO_AUDIT_START_TIME; PHOTO_QUANTITY; PLACE_IS_CONFIRMED; ROUTE_CANCEL_REASON_STATUS; ROUTE_ID; ROUTE_NAME; ROUTE_STATUS; ROUTE_TYPE; SHIP_TO; TIME_ZONE; TIMEZONE_CHECK; TREVEL_TIME; VISIT_CANCEL_REASON_STATUS; VISIT_DATE; VISIT_END_TIME; VISIT_ID; VISIT_IS_COMPLETE; VISIT_IS_PLANED; VISIT_START_TIME; VISIT_STATUS; VisitErrCode; VisitPlanStartTime","9057565","15.04.2026 16:16:35"
"HnnDW","dbo","Report_PHOTO_AUDITs","VIEW","ТТ, маршруты и визиты","ROUTE_NAME; VISIT_DATE; VISIT_STATUS","0","03.10.2024 16:41:35"
"HnnDW","dbo","V_Fact_OOS","VIEW","ТТ, маршруты и визиты","VISIT_DATE","0","31.08.2026 22:08:34"
"HnnDW","dbo","V_FACT_PosmFaces","VIEW","ТТ, маршруты и визиты","VISIT_DATE","0","08.09.2025 13:59:35"
"HnnDW","dbo","V_FACT_Posms","VIEW","ТТ, маршруты и визиты","ROUTE_TYPE; VISIT_DATE; VISIT_ID; VISIT_IS_PLANED; VISIT_LINK; VISIT_STATUS","0","08.09.2025 13:59:35"
