"Matrixid","Matrixname","MatrixExid","Activeflag","MatrixDelDatetime"
"635756","DESYATOCHKA_KOS_5_OSA_PC (1771290780)","1771290780","1",""
"649184","DESYATOCHKA_KOS_6_OSA_PC (1771290781)","1771290781","1",""
"784609","HOROSHIY_TOPKI_MKR_SOLNECHNII_10_CAR","matrix_784609","1",""
"137284","MARIA RA_EAST_TOPKI_KRASNAYA GORKA 2_PC(...424552)","1692424552","1",""
"226459","MARIA RA_EAST_TOPKI_REVOLUCII 36_PC (1627732399)","1627732399","1",""
"189539","OKEY_SERGIEVPOSAD_CAR","1632235732","1",""
"186194","ROSA_SIBERIA_KRASNOYARSK_F1_PC (1084011725)","1084011725","1",""
"226593","ROSA_SIBERIA_KRASNOYARSK_F2_PC","1052901319","0",""
"110491","UDACHA_IRK_F_ST_TOPKINSKY_39_PC (1389010895)","1389010895","1",""
