"database_name","schema_name","table_name","object_type","approximate_rows","create_date","modify_date"
"HnnDW","dbo","DIM_Agents","TABLE","18541","24.07.2024 20:12:12","31.03.2026 12:54:41"
"HnnDW","dbo","DIM_Attributes","TABLE","65045","24.07.2024 20:11:40","24.07.2024 20:11:40"
"HnnDW","dbo","DIM_Matrix","TABLE","64877","24.07.2024 20:11:05","24.07.2024 20:11:05"
"HnnDW","dbo","DIM_OOS_Reason","TABLE","24","24.07.2024 20:11:05","24.07.2024 20:11:05"
"HnnDW","dbo","Dim_POSList","TABLE","639348","09.02.2023 14:59:39","15.04.2026 16:16:35"
"HnnDW","dbo","Dim_Posms","TABLE","32","08.11.2024 21:24:37","10.11.2025 14:37:09"
"HnnDW","dbo","Dim_Products","TABLE","2405","19.12.2022 19:31:02","10.11.2025 14:37:09"
"HnnDW","dbo","DIM_Survey","TABLE","81","10.11.2025 14:37:09","15.04.2026 16:16:36"
"HnnDW","dbo","Dim_Survey_Questions","TABLE","415","10.11.2025 14:37:09","15.04.2026 16:16:36"
"HnnDW","dbo","DIM_Survey_Sections","TABLE","285","10.11.2025 14:37:09","15.04.2026 16:16:36"
"HnnDW","dbo","DS_ExecutedScripts","TABLE","1","11.10.2024 11:55:39","11.10.2024 11:55:39"
"HnnDW","dbo","DW_Options","TABLE","4","19.12.2022 19:31:02","19.12.2022 19:31:02"
"HnnDW","dbo","FACT_Faces_Attributes_History","TABLE","42330166","24.07.2024 20:11:40","15.04.2026 16:16:35"
"HnnDW","dbo","FACT_Faces_MustTop","TABLE","1054642","24.07.2024 20:11:40","15.04.2026 16:16:35"
"HnnDW","dbo","FACT_FacesItemsAttributes","TABLE","57208276","08.09.2025 13:59:35","15.04.2026 16:16:35"
"HnnDW","dbo","Fact_Facing","VIEW","0","31.08.2026 23:00:22","31.08.2026 23:00:22"
"HnnDW","dbo","Fact_Facing_202211","TABLE","2744","24.07.2024 22:26:08","15.04.2026 16:16:36"
"HnnDW","dbo","Fact_Facing_202212","TABLE","461233","24.07.2024 22:51:58","15.04.2026 16:16:36"
"HnnDW","dbo","Fact_Facing_202301","TABLE","1327697","25.07.2024 10:22:56","15.04.2026 16:16:36"
"HnnDW","dbo","Fact_Facing_202302","TABLE","13010777","25.07.2024 13:26:43","15.04.2026 16:16:36"
"HnnDW","dbo","Fact_Facing_202303","TABLE","35922129","25.07.2024 18:35:18","15.04.2026 16:16:36"
"HnnDW","dbo","Fact_Facing_202304","TABLE","53196295","26.07.2024 1:08:07","15.04.2026 16:16:36"
"HnnDW","dbo","Fact_Facing_202305","TABLE","59596226","26.07.2024 9:27:51","15.04.2026 16:16:36"
"HnnDW","dbo","Fact_Facing_202306","TABLE","51985390","26.07.2024 19:19:26","15.04.2026 16:16:36"
"HnnDW","dbo","Fact_Facing_202307","TABLE","65806335","27.07.2024 3:50:53","15.04.2026 16:16:36"
"HnnDW","dbo","Fact_Facing_202308","TABLE","97005171","27.07.2024 13:37:52","15.04.2026 16:16:36"
"HnnDW","dbo","Fact_Facing_202309","TABLE","88055935","28.07.2024 4:22:43","15.04.2026 16:16:36"
"HnnDW","dbo","Fact_Facing_202310","TABLE","85080936","28.07.2024 18:45:58","15.04.2026 16:16:36"
"HnnDW","dbo","Fact_Facing_202311","TABLE","87007548","29.07.2024 13:54:09","15.04.2026 16:16:36"
"HnnDW","dbo","Fact_Facing_202312","TABLE","84551831","30.07.2024 7:30:25","15.04.2026 16:16:36"
"HnnDW","dbo","Fact_Facing_202401","TABLE","66622086","16.08.2024 12:30:26","15.04.2026 16:16:36"
"HnnDW","dbo","Fact_Facing_202402","TABLE","56505174","18.08.2024 16:49:15","15.04.2026 16:16:36"
"HnnDW","dbo","Fact_Facing_202403","TABLE","51261615","18.08.2024 21:26:52","15.04.2026 16:16:36"
"HnnDW","dbo","Fact_Facing_202404","TABLE","48987739","19.08.2024 2:07:35","15.04.2026 16:16:36"
"HnnDW","dbo","Fact_Facing_202405","TABLE","77411373","19.08.2024 6:30:18","15.04.2026 16:16:36"
"HnnDW","dbo","Fact_Facing_202406","TABLE","73999585","19.08.2024 14:44:39","15.04.2026 16:16:36"
"HnnDW","dbo","Fact_Facing_202407","TABLE","83356120","19.08.2024 23:38:27","15.04.2026 16:16:36"
"HnnDW","dbo","Fact_Facing_202408","TABLE","80937680","26.08.2024 16:33:49","15.04.2026 16:16:36"
"HnnDW","dbo","Fact_Facing_202409","TABLE","72790610","07.09.2024 11:49:27","15.04.2026 16:16:36"
"HnnDW","dbo","Fact_Facing_202410","TABLE","90756354","01.10.2024 3:31:39","15.04.2026 16:16:36"
"HnnDW","dbo","Fact_Facing_202411","TABLE","89880464","14.11.2024 10:14:48","15.04.2026 16:16:36"
"HnnDW","dbo","Fact_Facing_202412","TABLE","93622489","01.12.2024 4:49:14","15.04.2026 16:16:36"
"HnnDW","dbo","Fact_Facing_202501","TABLE","75756305","01.01.2025 22:20:21","15.04.2026 16:16:36"
"HnnDW","dbo","Fact_Facing_202502","TABLE","78471328","02.02.2025 8:57:25","15.04.2026 16:16:36"
"HnnDW","dbo","Fact_Facing_202503","TABLE","86431381","02.03.2025 10:32:37","15.04.2026 16:16:36"
"HnnDW","dbo","Fact_Facing_202504","TABLE","89552070","01.04.2025 23:19:28","15.04.2026 16:16:36"
"HnnDW","dbo","Fact_Facing_202505","TABLE","76773967","01.05.2025 23:57:12","15.04.2026 16:16:36"
"HnnDW","dbo","Fact_Facing_202506","TABLE","72262615","01.06.2025 22:54:35","15.04.2026 16:16:36"
"HnnDW","dbo","Fact_Facing_202507","TABLE","59630146","01.07.2025 22:35:53","15.04.2026 16:16:36"
"HnnDW","dbo","Fact_Facing_202508","TABLE","55377070","01.08.2025 22:56:32","15.04.2026 16:16:36"
"HnnDW","dbo","Fact_Facing_202509","TABLE","57378068","01.09.2025 22:42:14","15.04.2026 16:16:36"
"HnnDW","dbo","Fact_Facing_202510","TABLE","61852603","01.10.2025 22:40:49","15.04.2026 16:16:36"
"HnnDW","dbo","Fact_Facing_202511","TABLE","52229284","02.11.2025 4:44:25","15.04.2026 16:16:36"
"HnnDW","dbo","Fact_Facing_202512","TABLE","59670503","01.12.2025 22:44:58","15.04.2026 16:16:36"
"HnnDW","dbo","Fact_Facing_202601","TABLE","43953762","01.01.2026 22:41:57","15.04.2026 16:16:36"
"HnnDW","dbo","Fact_Facing_202602","TABLE","55295434","01.02.2026 22:47:59","15.04.2026 16:16:36"
"HnnDW","dbo","Fact_Facing_202603","TABLE","59825136","01.03.2026 22:51:36","15.04.2026 16:16:36"
"HnnDW","dbo","Fact_Facing_202604","TABLE","63500195","01.04.2026 22:38:55","15.04.2026 16:16:36"
"HnnDW","dbo","Fact_Facing_202605","TABLE","59569106","01.05.2026 23:07:03","01.05.2026 23:07:03"
"HnnDW","dbo","Fact_Facing_202606","TABLE","62139734","01.06.2026 22:40:20","01.06.2026 22:40:20"
"HnnDW","dbo","Fact_Facing_202607","TABLE","65785382","01.07.2026 22:37:50","01.07.2026 22:37:50"
"HnnDW","dbo","Fact_Facing_202608","TABLE","61732583","02.08.2026 4:13:15","02.08.2026 4:13:15"
"HnnDW","dbo","FACT_Items_Attributes_History","TABLE","29726921","24.07.2024 20:11:40","31.03.2026 12:54:42"
"HnnDW","dbo","FACT_Items_MustTop","TABLE","3584","24.07.2024 20:11:40","24.07.2024 20:11:40"
"HnnDW","dbo","Fact_Matrix2Items","TABLE","25703658","24.07.2024 20:11:05","24.07.2024 20:11:05"
"HnnDW","dbo","Fact_Matrix2SHIPTO","TABLE","1008864","24.07.2024 20:11:05","24.07.2024 20:11:05"
"HnnDW","dbo","Fact_OOS_202211","TABLE","0","05.08.2024 16:42:24","15.04.2026 16:16:36"
"HnnDW","dbo","Fact_OOS_202212","TABLE","1065","05.08.2024 16:46:04","15.04.2026 16:16:36"
"HnnDW","dbo","Fact_OOS_202301","TABLE","14298","05.08.2024 16:47:37","15.04.2026 16:16:36"
"HnnDW","dbo","Fact_OOS_202302","TABLE","242539","05.08.2024 16:48:58","15.04.2026 16:16:36"
"HnnDW","dbo","Fact_OOS_202303","TABLE","148472","05.08.2024 16:53:53","15.04.2026 16:16:36"
"HnnDW","dbo","Fact_OOS_202304","TABLE","89605","05.08.2024 16:58:07","15.04.2026 16:16:36"
"HnnDW","dbo","Fact_OOS_202305","TABLE","105480","05.08.2024 17:01:21","15.04.2026 16:16:36"
"HnnDW","dbo","Fact_OOS_202306","TABLE","108262","05.08.2024 17:04:55","15.04.2026 16:16:36"
"HnnDW","dbo","Fact_OOS_202307","TABLE","107581","05.08.2024 17:08:26","15.04.2026 16:16:36"
"HnnDW","dbo","Fact_OOS_202308","TABLE","331443","05.08.2024 17:12:07","15.04.2026 16:16:36"
"HnnDW","dbo","Fact_OOS_202309","TABLE","332259","05.08.2024 17:25:24","15.04.2026 16:16:36"
"HnnDW","dbo","Fact_OOS_202310","TABLE","316627","05.08.2024 17:41:08","15.04.2026 16:16:36"
"HnnDW","dbo","Fact_OOS_202311","TABLE","380575","05.08.2024 17:57:39","15.04.2026 16:16:36"
"HnnDW","dbo","Fact_OOS_202312","TABLE","423973","05.08.2024 18:15:08","15.04.2026 16:16:36"
"HnnDW","dbo","Fact_OOS_202401","TABLE","643814","17.08.2024 12:18:44","15.04.2026 16:16:36"
"HnnDW","dbo","Fact_OOS_202402","TABLE","710594","21.08.2024 13:15:31","15.04.2026 16:16:36"
"HnnDW","dbo","Fact_OOS_202403","TABLE","879378","21.08.2024 13:17:18","15.04.2026 16:16:36"
"HnnDW","dbo","Fact_OOS_202404","TABLE","1099904","21.08.2024 13:18:43","15.04.2026 16:16:36"
"HnnDW","dbo","Fact_OOS_202405","TABLE","1253061","21.08.2024 13:20:35","15.04.2026 16:16:36"
"HnnDW","dbo","Fact_OOS_202406","TABLE","1053747","21.08.2024 13:24:57","15.04.2026 16:16:36"
"HnnDW","dbo","Fact_OOS_202407","TABLE","1624792","21.08.2024 13:27:03","15.04.2026 16:16:36"
"HnnDW","dbo","Fact_OOS_202408","TABLE","1652538","31.08.2024 20:14:00","15.04.2026 16:16:36"
"HnnDW","dbo","Fact_OOS_202409","TABLE","1593072","07.09.2024 9:34:32","15.04.2026 16:16:36"
"HnnDW","dbo","Fact_OOS_202410","TABLE","1513053","01.10.2024 2:16:20","15.04.2026 16:16:36"
"HnnDW","dbo","Fact_OOS_202411","TABLE","1254365","16.11.2024 5:47:23","15.04.2026 16:16:36"
"HnnDW","dbo","Fact_OOS_202412","TABLE","1233218","01.12.2024 3:37:36","15.04.2026 16:16:36"
"HnnDW","dbo","Fact_OOS_202501","TABLE","1117263","01.01.2025 22:13:27","15.04.2026 16:16:36"
"HnnDW","dbo","Fact_OOS_202502","TABLE","1111664","01.02.2025 22:40:43","15.04.2026 16:16:36"
"HnnDW","dbo","Fact_OOS_202503","TABLE","22280174","02.03.2025 3:51:40","15.04.2026 16:16:36"
"HnnDW","dbo","Fact_OOS_202504","TABLE","1078856","01.04.2025 22:59:26","15.04.2026 16:16:36"
"HnnDW","dbo","Fact_OOS_202505","TABLE","876270","01.05.2025 23:04:19","15.04.2026 16:16:36"
"HnnDW","dbo","Fact_OOS_202506","TABLE","1272698","01.06.2025 22:17:07","15.04.2026 16:16:36"
"HnnDW","dbo","Fact_OOS_202507","TABLE","868006","01.07.2025 22:15:13","15.04.2026 16:16:36"
"HnnDW","dbo","Fact_OOS_202508","TABLE","664380","01.08.2025 22:18:48","15.04.2026 16:16:36"
"HnnDW","dbo","Fact_OOS_202509","TABLE","623193","01.09.2025 22:12:41","15.04.2026 16:16:36"
"HnnDW","dbo","Fact_OOS_202510","TABLE","711934","01.10.2025 22:12:21","15.04.2026 16:16:36"
"HnnDW","dbo","Fact_OOS_202511","TABLE","575769","01.11.2025 22:21:56","15.04.2026 16:16:36"
"HnnDW","dbo","Fact_OOS_202512","TABLE","676676","01.12.2025 22:15:19","15.04.2026 16:16:36"
"HnnDW","dbo","Fact_OOS_202601","TABLE","590480","01.01.2026 22:14:38","15.04.2026 16:16:36"
"HnnDW","dbo","Fact_OOS_202602","TABLE","851176","01.02.2026 22:08:26","15.04.2026 16:16:36"
"HnnDW","dbo","Fact_OOS_202603","TABLE","943724","01.03.2026 22:08:44","18.04.2026 22:11:58"
"HnnDW","dbo","Fact_OOS_202604","TABLE","910950","01.04.2026 22:08:40","16.05.2026 22:28:51"
"HnnDW","dbo","Fact_OOS_202605","TABLE","800256","01.05.2026 22:12:13","04.06.2026 22:08:50"
"HnnDW","dbo","Fact_OOS_202606","TABLE","749831","01.06.2026 22:09:32","18.07.2026 22:12:09"
"HnnDW","dbo","Fact_OOS_202607","TABLE","812761","01.07.2026 22:09:46","15.08.2026 22:20:21"
"HnnDW","dbo","Fact_OOS_202608","TABLE","709748","01.08.2026 22:23:09","31.08.2026 22:08:31"
"HnnDW","dbo","Fact_OSA","VIEW","0","31.08.2026 23:12:15","31.08.2026 23:12:15"
"HnnDW","dbo","Fact_OSA_202211","TABLE","0","30.07.2024 23:32:39","15.04.2026 16:16:35"
"HnnDW","dbo","Fact_OSA_202212","TABLE","38749","30.07.2024 23:33:53","15.04.2026 16:16:35"
"HnnDW","dbo","Fact_OSA_202301","TABLE","307265","30.07.2024 23:34:22","15.04.2026 16:16:35"
"HnnDW","dbo","Fact_OSA_202302","TABLE","4763888","30.07.2024 23:35:05","15.04.2026 16:16:35"
"HnnDW","dbo","Fact_OSA_202303","TABLE","16194492","31.07.2024 2:44:28","15.04.2026 16:16:35"
"HnnDW","dbo","Fact_OSA_202304","TABLE","26271435","31.07.2024 5:56:31","15.04.2026 16:16:35"
"HnnDW","dbo","Fact_OSA_202305","TABLE","32550243","31.07.2024 9:00:00","15.04.2026 16:16:35"
"HnnDW","dbo","Fact_OSA_202306","TABLE","35538041","31.07.2024 11:53:39","15.04.2026 16:16:35"
"HnnDW","dbo","Fact_OSA_202307","TABLE","46256671","31.07.2024 14:50:17","15.04.2026 16:16:35"
"HnnDW","dbo","Fact_OSA_202308","TABLE","63072500","31.07.2024 17:47:20","15.04.2026 16:16:35"
"HnnDW","dbo","Fact_OSA_202309","TABLE","57012584","31.07.2024 20:51:46","15.04.2026 16:16:35"
"HnnDW","dbo","Fact_OSA_202310","TABLE","54823832","31.07.2024 23:48:06","15.04.2026 16:16:35"
"HnnDW","dbo","Fact_OSA_202311","TABLE","51270361","01.08.2024 2:44:13","15.04.2026 16:16:35"
"HnnDW","dbo","Fact_OSA_202312","TABLE","47990134","01.08.2024 5:50:43","15.04.2026 16:16:35"
"HnnDW","dbo","Fact_OSA_202401","TABLE","38320265","20.08.2024 9:51:04","15.04.2026 16:16:35"
"HnnDW","dbo","Fact_OSA_202402","TABLE","33290386","20.08.2024 15:00:58","15.04.2026 16:16:35"
"HnnDW","dbo","Fact_OSA_202403","TABLE","30074338","20.08.2024 17:13:16","15.04.2026 16:16:35"
"HnnDW","dbo","Fact_OSA_202404","TABLE","28208288","20.08.2024 19:03:52","15.04.2026 16:16:35"
"HnnDW","dbo","Fact_OSA_202405","TABLE","45173311","20.08.2024 20:48:23","15.04.2026 16:16:35"
"HnnDW","dbo","Fact_OSA_202406","TABLE","42805586","20.08.2024 22:59:23","15.04.2026 16:16:35"
"HnnDW","dbo","Fact_OSA_202407","TABLE","49671153","21.08.2024 1:21:20","15.04.2026 16:16:35"
"HnnDW","dbo","Fact_OSA_202408","TABLE","49103325","31.08.2024 20:18:18","15.04.2026 16:16:35"
"HnnDW","dbo","Fact_OSA_202409","TABLE","44155532","07.09.2024 10:14:04","15.04.2026 16:16:35"
"HnnDW","dbo","Fact_OSA_202410","TABLE","48556898","01.10.2024 2:55:31","15.04.2026 16:16:35"
"HnnDW","dbo","Fact_OSA_202411","TABLE","43125199","14.11.2024 11:26:25","15.04.2026 16:16:35"
"HnnDW","dbo","Fact_OSA_202412","TABLE","44187374","01.12.2024 3:53:22","15.04.2026 16:16:35"
"HnnDW","dbo","Fact_OSA_202501","TABLE","36459468","01.01.2025 22:22:31","15.04.2026 16:16:35"
"HnnDW","dbo","Fact_OSA_202502","TABLE","41017257","02.02.2025 10:29:55","15.04.2026 16:16:35"
"HnnDW","dbo","Fact_OSA_202503","TABLE","42442553","02.03.2025 11:49:49","15.04.2026 16:16:35"
"HnnDW","dbo","Fact_OSA_202504","TABLE","42361477","01.04.2025 23:36:41","15.04.2026 16:16:35"
"HnnDW","dbo","Fact_OSA_202505","TABLE","36057459","02.05.2025 0:09:21","15.04.2026 16:16:35"
"HnnDW","dbo","Fact_OSA_202506","TABLE","34287590","01.06.2025 8:00:41","15.04.2026 16:16:35"
"HnnDW","dbo","Fact_OSA_202507","TABLE","28854621","01.07.2025 22:51:01","15.04.2026 16:16:35"
"HnnDW","dbo","Fact_OSA_202508","TABLE","26418557","01.08.2025 23:16:43","15.04.2026 16:16:35"
"HnnDW","dbo","Fact_OSA_202509","TABLE","27066064","01.09.2025 22:57:48","15.04.2026 16:16:35"
"HnnDW","dbo","Fact_OSA_202510","TABLE","28737754","01.10.2025 22:57:35","15.04.2026 16:16:35"
"HnnDW","dbo","Fact_OSA_202511","TABLE","24250998","02.11.2025 6:04:50","15.04.2026 16:16:35"
"HnnDW","dbo","Fact_OSA_202512","TABLE","27939193","01.12.2025 23:01:15","15.04.2026 16:16:35"
"HnnDW","dbo","Fact_OSA_202601","TABLE","21046911","01.01.2026 22:47:04","15.04.2026 16:16:35"
"HnnDW","dbo","Fact_OSA_202602","TABLE","26512718","01.02.2026 4:28:34","15.04.2026 16:16:35"
"HnnDW","dbo","Fact_OSA_202603","TABLE","28792510","01.03.2026 4:37:52","15.04.2026 16:16:35"
"HnnDW","dbo","Fact_OSA_202604","TABLE","29924750","01.04.2026 22:57:20","15.04.2026 16:16:35"
"HnnDW","dbo","Fact_OSA_202605","TABLE","27018746","01.05.2026 23:20:38","01.05.2026 23:20:38"
"HnnDW","dbo","Fact_OSA_202606","TABLE","28340420","01.06.2026 22:55:48","01.06.2026 22:55:48"
"HnnDW","dbo","Fact_OSA_202607","TABLE","30371400","01.07.2026 22:53:49","01.07.2026 22:53:49"
"HnnDW","dbo","Fact_OSA_202608","TABLE","28454073","01.08.2026 1:03:35","01.08.2026 1:03:35"
"HnnDW","dbo","FACT_PICOS","TABLE","227221960","20.02.2023 14:10:09","15.04.2026 16:16:35"
"HnnDW","dbo","FACT_PLANOGRAMM","TABLE","18802294","21.02.2023 11:37:55","15.04.2026 16:16:35"
"HnnDW","dbo","FACT_PosmFaces","TABLE","4657730","08.09.2025 13:59:35","15.04.2026 16:16:35"
"HnnDW","dbo","Fact_Posms","TABLE","754486","08.11.2024 21:24:37","15.04.2026 16:16:35"
"HnnDW","dbo","Fact_PromoFaces","TABLE","17050742","24.07.2024 20:12:12","24.07.2024 20:12:12"
"HnnDW","dbo","Fact_PromoItems","TABLE","255540","24.07.2024 20:12:12","24.07.2024 20:12:12"
"HnnDW","dbo","Fact_Routes","TABLE","10399612","05.04.2023 21:52:34","15.04.2026 16:16:35"
"HnnDW","dbo","Fact_Survey_Question_Results_202510","TABLE","0","16.11.2025 6:38:05","15.04.2026 16:16:36"
"HnnDW","dbo","Fact_Survey_Question_Results_202511","TABLE","31","10.11.2025 23:29:29","15.04.2026 16:16:36"
"HnnDW","dbo","Fact_Survey_Question_Results_202512","TABLE","2378","01.12.2025 0:16:37","15.04.2026 16:16:36"
"HnnDW","dbo","Fact_Survey_Question_Results_202601","TABLE","6458","01.01.2026 0:27:02","15.04.2026 16:16:36"
"HnnDW","dbo","Fact_Survey_Question_Results_202602","TABLE","60577","01.02.2026 5:24:09","15.04.2026 16:16:36"
"HnnDW","dbo","Fact_Survey_Question_Results_202603","TABLE","35703","01.03.2026 6:20:27","19.04.2026 5:41:51"
"HnnDW","dbo","Fact_Survey_Question_Results_202604","TABLE","42582","01.04.2026 0:10:26","17.05.2026 6:35:08"
"HnnDW","dbo","Fact_Survey_Question_Results_202605","TABLE","6430","01.05.2026 1:24:26","14.06.2026 5:22:23"
"HnnDW","dbo","Fact_Survey_Question_Results_202606","TABLE","30098","01.06.2026 23:09:05","19.07.2026 5:53:46"
"HnnDW","dbo","Fact_Survey_Question_Results_202607","TABLE","132616","01.07.2026 0:19:39","16.08.2026 4:50:52"
"HnnDW","dbo","Fact_Survey_Question_Results_202608","TABLE","16809","01.08.2026 10:49:43","31.08.2026 23:24:54"
"HnnDW","dbo","FACT_Territory_History","TABLE","222813","09.02.2023 14:59:39","09.02.2023 15:05:53"
"HnnDW","dbo","Fact_Visit_Fotos","TABLE","7273461","10.11.2025 14:37:09","23.04.2026 17:13:27"
"HnnDW","dbo","Fact_Visits","TABLE","9057565","05.04.2023 21:52:34","15.04.2026 16:16:35"
"HnnDW","dbo","Plan_Survey_Dates","TABLE","4678028","10.11.2025 14:37:09","15.04.2026 16:16:38"
"HnnDW","dbo","Report_PHOTO_AUDITs","VIEW","0","09.01.2023 18:07:45","03.10.2024 16:41:35"
"HnnDW","dbo","V_FACT_Faces_Attributes_History","VIEW","0","24.07.2024 20:11:40","24.07.2024 20:11:40"
"HnnDW","dbo","V_FACT_Faces_MustTop","VIEW","0","24.07.2024 20:11:40","24.07.2024 20:11:40"
"HnnDW","dbo","V_FACT_FacesItemsAttributes","VIEW","0","08.09.2025 13:59:35","08.09.2025 13:59:35"
"HnnDW","dbo","V_FACT_Items_Attributes_History","VIEW","0","24.07.2024 20:11:40","24.07.2024 20:11:40"
"HnnDW","dbo","V_FACT_Items_MustTop","VIEW","0","24.07.2024 20:11:40","24.07.2024 20:11:40"
"HnnDW","dbo","V_FACT_MATRIX2Items","VIEW","0","24.07.2024 20:11:05","24.07.2024 20:11:05"
"HnnDW","dbo","V_FACT_MATRIX2SHIPTO","VIEW","0","24.07.2024 20:11:05","24.07.2024 20:11:05"
"HnnDW","dbo","V_Fact_OOS","VIEW","0","31.08.2026 22:08:34","31.08.2026 22:08:34"
"HnnDW","dbo","V_FACT_PosmFaces","VIEW","0","08.09.2025 13:59:35","08.09.2025 13:59:35"
"HnnDW","dbo","V_FACT_Posms","VIEW","0","08.09.2025 13:59:35","08.09.2025 13:59:35"
"HnnDW","dbo","V_Fact_Survey_Question_Results","VIEW","0","10.11.2025 14:37:09","10.11.2025 14:37:09"
"HnnDW","dbo","V_Fact_Survey_Results_All","VIEW","0","31.08.2026 23:24:54","31.08.2026 23:24:54"
"HnnDW","dbo","V_Plan_Survey_Dates","VIEW","0","10.11.2025 14:37:09","10.11.2025 14:37:09"
